{
    "#WERT!": "PLC Handler.",
    "Linie5.PME.Riesling5.FE00_ALARM20001Stï¿½rung Servo-Steuergerï¿½t (LMC400)": "PLC Handler.FE00_ALARM20001Stï¿½rung Servo-Steuergerï¿½t (LMC400)",
    "Linie5.PME.Riesling5.FE00_ALARM20002Spannungsï¿½berwachung Schaltschrank X1": "PLC Handler.FE00_ALARM20002Spannungsï¿½berwachung Schaltschrank X1",
    "Linie5.PME.Riesling5.FE00_ALARM20003Stï¿½rung Einspeiseklemmen X1": "PLC Handler.FE00_ALARM20003Stï¿½rung Einspeiseklemmen X1",
    "Linie5.PME.Riesling5.FE00_ALARM20004Stï¿½rung Einspeiseklemmen X100": "PLC Handler.FE00_ALARM20004Stï¿½rung Einspeiseklemmen X100",
    "Linie5.PME.Riesling5.FE00_ALARM20008": "PLC Handler.FE00_ALARM20008",
    "Linie5.PME.Riesling5.FE00_ALARM20009Retain-Daten ungï¿½ltig!": "PLC Handler.FE00_ALARM20009Retain-Daten ungï¿½ltig!",
    "Linie5.PME.Riesling5.FE00_ALARM20010Ende automatische Produktion": "PLC Handler.FE00_ALARM20010Ende automatische Produktion",
    "Linie5.PME.Riesling5.FE00_ALARM20011Motorschutz Allgemein": "PLC Handler.FE00_ALARM20011Motorschutz Allgemein",
    "Linie5.PME.Riesling5.FE00_ALARM20012Motorschutz Wï¿½rmetauscher": "PLC Handler.FE00_ALARM20012Motorschutz Wï¿½rmetauscher",
    "Linie5.PME.Riesling5.FE00_ALARM20013ï¿½berwachung Druckluft": "PLC Handler.FE00_ALARM20013ï¿½berwachung Druckluft",
    "Linie5.PME.Riesling5.FE00_ALARM20014Betriebsartumschaltung": "PLC Handler.FE00_ALARM20014Betriebsartumschaltung",
    "Linie5.PME.Riesling5.FE00_ALARM20015Betriebsart nicht mï¿½glich - erst referenzieren": "PLC Handler.FE00_ALARM20015Betriebsart nicht mï¿½glich - erst referenzieren",
    "Linie5.PME.Riesling5.FE00_ALARM20034": "PLC Handler.FE00_ALARM20034",
    "Linie5.PME.Riesling5.FE00_ALARM20036": "PLC Handler.FE00_ALARM20036",
    "Linie5.PME.Riesling5.FE00_ALARM20048": "PLC Handler.FE00_ALARM20048",
    "Linie5.PME.Riesling5.FE00_ALARM20049Schutztï¿½ren vorne": "PLC Handler.FE00_ALARM20049Schutztï¿½ren vorne",
    "Linie5.PME.Riesling5.FE00_ALARM20050Schutztï¿½ren hinten": "PLC Handler.FE00_ALARM20050Schutztï¿½ren hinten",
    "Linie5.PME.Riesling5.FE00_ALARM20051Sicherheits-SPS 1": "PLC Handler.FE00_ALARM20051Sicherheits-SPS 1",
    "Linie5.PME.Riesling5.FE00_ALARM20052Sicherheits-SPS 2": "PLC Handler.FE00_ALARM20052Sicherheits-SPS 2",
    "Linie5.PME.Riesling5.FE00_ALARM20053Sicherheits-SPS 3": "PLC Handler.FE00_ALARM20053Sicherheits-SPS 3",
    "Linie5.PME.Riesling5.FE00_ALARM20054Funktionsï¿½berwachung Netzschï¿½tz 1K11": "PLC Handler.FE00_ALARM20054Funktionsï¿½berwachung Netzschï¿½tz 1K11",
    "Linie5.PME.Riesling5.FE00_ALARM20055Funktionsï¿½berwachung Netzschï¿½tz 2K13": "PLC Handler.FE00_ALARM20055Funktionsï¿½berwachung Netzschï¿½tz 2K13",
    "Linie5.PME.Riesling5.FE00_ALARM20056Funktionsï¿½berwachung Netzschï¿½tz 0K38": "PLC Handler.FE00_ALARM20056Funktionsï¿½berwachung Netzschï¿½tz 0K38",
    "Linie5.PME.Riesling5.FE00_ALARM20057Funktionsï¿½berwachung Netzschï¿½tz 0K40": "PLC Handler.FE00_ALARM20057Funktionsï¿½berwachung Netzschï¿½tz 0K40",
    "Linie5.PME.Riesling5.FE00_ALARM20064": "PLC Handler.FE00_ALARM20064",
    "Linie5.PME.Riesling5.FE00_ALARM20065Feldbusfehler Gateway 0A50": "PLC Handler.FE00_ALARM20065Feldbusfehler Gateway 0A50",
    "Linie5.PME.Riesling5.FE00_ALARM20066Feldbusfehler Vorabwicklung 2A11": "PLC Handler.FE00_ALARM20066Feldbusfehler Vorabwicklung 2A11",
    "Linie5.PME.Riesling5.FE00_ALARM20067Feldbusfehler Ruettelung 11A2": "PLC Handler.FE00_ALARM20067Feldbusfehler Ruettelung 11A2",
    "Linie5.PME.Riesling5.FE00_ALARM20068Feldbusfehler I/O Station 51": "PLC Handler.FE00_ALARM20068Feldbusfehler I/O Station 51",
    "Linie5.PME.Riesling5.FE00_ALARM20069Feldbusfehler I/O Station 52": "PLC Handler.FE00_ALARM20069Feldbusfehler I/O Station 52",
    "Linie5.PME.Riesling5.FE00_ALARM20070Feldbusfehler I/O Station 53": "PLC Handler.FE00_ALARM20070Feldbusfehler I/O Station 53",
    "Linie5.PME.Riesling5.FE00_ALARM20071Feldbusfehler Ventilinsel 1 (0A3)": "PLC Handler.FE00_ALARM20071Feldbusfehler Ventilinsel 1 (0A3)",
    "Linie5.PME.Riesling5.FE00_ALARM20072Feldbusfehler Ventilinsel 2 (0A5)": "PLC Handler.FE00_ALARM20072Feldbusfehler Ventilinsel 2 (0A5)",
    "Linie5.PME.Riesling5.FE00_ALARM20073Feldbusfehler Ventilinsel 3 (0A7)": "PLC Handler.FE00_ALARM20073Feldbusfehler Ventilinsel 3 (0A7)",
    "Linie5.PME.Riesling5.FE00_ALARM20080": "PLC Handler.FE00_ALARM20080",
    "Linie5.PME.Riesling5.FE00_ALARM20081Normal Halt durch nachgeschaltete Maschine": "PLC Handler.FE00_ALARM20081Normal Halt durch nachgeschaltete Maschine",
    "Linie5.PME.Riesling5.FE00_ALARM20082Normal Halt": "PLC Handler.FE00_ALARM20082Normal Halt",
    "Linie5.PME.Riesling5.FE00_ALARM20083Abtransport nicht betriebsbereit": "PLC Handler.FE00_ALARM20083Abtransport nicht betriebsbereit",
    "Linie5.PME.Riesling5.FE00_ALARM20094": "PLC Handler.FE00_ALARM20094",
    "Linie5.PME.Riesling5.FE00_ALARM20095Normal Halt durch Leitsteuerung": "PLC Handler.FE00_ALARM20095Normal Halt durch Leitsteuerung",
    "Linie5.PME.Riesling5.FE00_WARNING20002": "PLC Handler.FE00_WARNING20002",
    "Linie5.PME.Riesling5.FE00_WARNING20004": "PLC Handler.FE00_WARNING20004",
    "Linie5.PME.Riesling5.FE00_WARNING20005Maschine im Standby Betrieb": "PLC Handler.FE00_WARNING20005Maschine im Standby Betrieb",
    "Linie5.PME.Riesling5.FE00_WARNING20006Teleservice aktiv": "PLC Handler.FE00_WARNING20006Teleservice aktiv",
    "Linie5.PME.Riesling5.FE00_WARNING20007Formatumstellung lï¿½uft": "PLC Handler.FE00_WARNING20007Formatumstellung lï¿½uft",
    "Linie5.PME.Riesling5.FE00_WARNING20008ï¿½bertemperatur Schaltschrank": "PLC Handler.FE00_WARNING20008ï¿½bertemperatur Schaltschrank",
    "Linie5.PME.Riesling5.FE00_WARNING20016": "PLC Handler.FE00_WARNING20016",
    "Linie5.PME.Riesling5.FE00_WARNING20064": "PLC Handler.FE00_WARNING20064",
    "Linie5.PME.Riesling5.FE00_WARNING20081Leerfahren durch nachgesch. Maschine": "PLC Handler.FE00_WARNING20081Leerfahren durch nachgesch. Maschine",
    "Linie5.PME.Riesling5.FE00_WARNING20083": "PLC Handler.FE00_WARNING20083",
    "Linie5.PME.Riesling5.FE00_WARNING20084Abtransport nicht betriebsbereit": "PLC Handler.FE00_WARNING20084Abtransport nicht betriebsbereit",
    "Linie5.PME.Riesling5.FE00_WARNING20085Freigabe Abfï¿½llung fehlt": "PLC Handler.FE00_WARNING20085Freigabe Abfï¿½llung fehlt",
    "Linie5.PME.Riesling5.FE00_WARNING20096": "PLC Handler.FE00_WARNING20096",
    "Linie5.PME.Riesling5.FE00_WARNING20112": "PLC Handler.FE00_WARNING20112",
    "Linie5.PME.Riesling5.FE00_INFORMATION20001Maschine anfahrbereit": "PLC Handler.FE00_INFORMATION20001Maschine anfahrbereit",
    "Linie5.PME.Riesling5.FE00_INFORMATION20002Maschine in Startvorbereitung": "PLC Handler.FE00_INFORMATION20002Maschine in Startvorbereitung",
    "Linie5.PME.Riesling5.FE00_INFORMATION20003Maschine startbereit": "PLC Handler.FE00_INFORMATION20003Maschine startbereit",
    "Linie5.PME.Riesling5.FE00_INFORMATION20004Einrichten startbereit": "PLC Handler.FE00_INFORMATION20004Einrichten startbereit",
    "Linie5.PME.Riesling5.FE00_INFORMATION20005Einrichten anfahrbereit": "PLC Handler.FE00_INFORMATION20005Einrichten anfahrbereit",
    "Linie5.PME.Riesling5.FE00_INFORMATION20006Produktion Leerbeutel": "PLC Handler.FE00_INFORMATION20006Produktion Leerbeutel",
    "Linie5.PME.Riesling5.FE00_INFORMATION20007Maschine stoppt": "PLC Handler.FE00_INFORMATION20007Maschine stoppt",
    "Linie5.PME.Riesling5.FE00_INFORMATION20008Produktion": "PLC Handler.FE00_INFORMATION20008Produktion",
    "Linie5.PME.Riesling5.FE00_INFORMATION20009Maschine lï¿½uft leer": "PLC Handler.FE00_INFORMATION20009Maschine lï¿½uft leer",
    "Linie5.PME.Riesling5.FE00_INFORMATION20010Tippkabel eingesteckt !": "PLC Handler.FE00_INFORMATION20010Tippkabel eingesteckt !",
    "Linie5.PME.Riesling5.FE00_INFORMATION20011Warmstart aktiv": "PLC Handler.FE00_INFORMATION20011Warmstart aktiv",
    "Linie5.PME.Riesling5.FE00_INFORMATION20014": "PLC Handler.FE00_INFORMATION20014",
    "Linie5.PME.Riesling5.FE00_INFORMATION20015Maschine lï¿½uft im Tippbetrieb": "PLC Handler.FE00_INFORMATION20015Maschine lï¿½uft im Tippbetrieb",
    "Linie5.PME.Riesling5.FE00_INFORMATION40080": "PLC Handler.FE00_INFORMATION40080",
    "Linie5.PME.Riesling5.FE260_ALARM20001Abfï¿½llwaage 1": "PLC Handler.FE260_ALARM20001Abfï¿½llwaage 1",
    "Linie5.PME.Riesling5.FE260_ALARM20002Abfï¿½llwaage 2": "PLC Handler.FE260_ALARM20002Abfï¿½llwaage 2",
    "Linie5.PME.Riesling5.FE260_ALARM20003Abfï¿½llwaage 3": "PLC Handler.FE260_ALARM20003Abfï¿½llwaage 3",
    "Linie5.PME.Riesling5.FE260_ALARM20004Abfï¿½llwaage 4": "PLC Handler.FE260_ALARM20004Abfï¿½llwaage 4",
    "Linie5.PME.Riesling5.FE260_ALARM20005Abfï¿½llwaage 5": "PLC Handler.FE260_ALARM20005Abfï¿½llwaage 5",
    "Linie5.PME.Riesling5.FE260_ALARM20016": "PLC Handler.FE260_ALARM20016",
    "Linie5.PME.Riesling5.FE260_ALARM20017Abfï¿½llwaage 1: Profibusfehler": "PLC Handler.FE260_ALARM20017Abfï¿½llwaage 1: Profibusfehler",
    "Linie5.PME.Riesling5.FE260_ALARM20018Abfï¿½llwaage 2: Profibusfehler": "PLC Handler.FE260_ALARM20018Abfï¿½llwaage 2: Profibusfehler",
    "Linie5.PME.Riesling5.FE260_ALARM20019Abfï¿½llwaage 3: Profibusfehler": "PLC Handler.FE260_ALARM20019Abfï¿½llwaage 3: Profibusfehler",
    "Linie5.PME.Riesling5.FE260_ALARM20020Abfï¿½llwaage 4: Profibusfehler": "PLC Handler.FE260_ALARM20020Abfï¿½llwaage 4: Profibusfehler",
    "Linie5.PME.Riesling5.FE260_ALARM20021Abfï¿½llwaage 5: Profibusfehler": "PLC Handler.FE260_ALARM20021Abfï¿½llwaage 5: Profibusfehler",
    "Linie5.PME.Riesling5.FE260_ALARM20022Abfï¿½llwaage 6: Profibusfehler": "PLC Handler.FE260_ALARM20022Abfï¿½llwaage 6: Profibusfehler",
    "Linie5.PME.Riesling5.FE260_ALARM20023Abfï¿½llwaage 1: nicht in Position": "PLC Handler.FE260_ALARM20023Abfï¿½llwaage 1: nicht in Position",
    "Linie5.PME.Riesling5.FE260_ALARM20024Abfï¿½llwaage 2: nicht in Position": "PLC Handler.FE260_ALARM20024Abfï¿½llwaage 2: nicht in Position",
    "Linie5.PME.Riesling5.FE260_ALARM20025Abfï¿½llwaage 3: nicht in Position": "PLC Handler.FE260_ALARM20025Abfï¿½llwaage 3: nicht in Position",
    "Linie5.PME.Riesling5.FE260_ALARM20026Abfï¿½llwaage 4: nicht in Position": "PLC Handler.FE260_ALARM20026Abfï¿½llwaage 4: nicht in Position",
    "Linie5.PME.Riesling5.FE260_ALARM20027Abfï¿½llwaage 5: nicht in Position": "PLC Handler.FE260_ALARM20027Abfï¿½llwaage 5: nicht in Position",
    "Linie5.PME.Riesling5.FE260_ALARM20028Abfï¿½llwaage 6: nicht in Position": "PLC Handler.FE260_ALARM20028Abfï¿½llwaage 6: nicht in Position",
    "Linie5.PME.Riesling5.FE260_ALARM20032": "PLC Handler.FE260_ALARM20032",
    "Linie5.PME.Riesling5.FE260_WARNING20001Abfï¿½llwaage 1": "PLC Handler.FE260_WARNING20001Abfï¿½llwaage 1",
    "Linie5.PME.Riesling5.FE260_WARNING20002Abfï¿½llwaage 2": "PLC Handler.FE260_WARNING20002Abfï¿½llwaage 2",
    "Linie5.PME.Riesling5.FE260_WARNING20003Abfï¿½llwaage 3": "PLC Handler.FE260_WARNING20003Abfï¿½llwaage 3",
    "Linie5.PME.Riesling5.FE260_WARNING20004Abfï¿½llwaage 4": "PLC Handler.FE260_WARNING20004Abfï¿½llwaage 4",
    "Linie5.PME.Riesling5.FE260_WARNING20005Abfï¿½llwaage 5": "PLC Handler.FE260_WARNING20005Abfï¿½llwaage 5",
    "Linie5.PME.Riesling5.FE260_WARNING20008": "PLC Handler.FE260_WARNING20008",
    "Linie5.PME.Riesling5.FE260_WARNING20009Nullpunktanforderung Abfï¿½llwaage 1": "PLC Handler.FE260_WARNING20009Nullpunktanforderung Abfï¿½llwaage 1",
    "Linie5.PME.Riesling5.FE260_WARNING20010Nullpunktanforderung Abfï¿½llwaage 2": "PLC Handler.FE260_WARNING20010Nullpunktanforderung Abfï¿½llwaage 2",
    "Linie5.PME.Riesling5.FE260_WARNING20011Nullpunktanforderung Abfï¿½llwaage 3": "PLC Handler.FE260_WARNING20011Nullpunktanforderung Abfï¿½llwaage 3",
    "Linie5.PME.Riesling5.FE260_WARNING20012Nullpunktanforderung Abfï¿½llwaage 4": "PLC Handler.FE260_WARNING20012Nullpunktanforderung Abfï¿½llwaage 4",
    "Linie5.PME.Riesling5.FE260_WARNING20013Nullpunktanforderung Abfï¿½llwaage 5": "PLC Handler.FE260_WARNING20013Nullpunktanforderung Abfï¿½llwaage 5",
    "Linie5.PME.Riesling5.FE260_WARNING20016": "PLC Handler.FE260_WARNING20016",
    "Linie5.PME.Riesling5.FE260_WARNING20017Produktmangel Abfï¿½llwaage 1": "PLC Handler.FE260_WARNING20017Produktmangel Abfï¿½llwaage 1",
    "Linie5.PME.Riesling5.FE260_WARNING20018Produktmangel Abfï¿½llwaage 2": "PLC Handler.FE260_WARNING20018Produktmangel Abfï¿½llwaage 2",
    "Linie5.PME.Riesling5.FE260_WARNING20019Produktmangel Abfï¿½llwaage 3": "PLC Handler.FE260_WARNING20019Produktmangel Abfï¿½llwaage 3",
    "Linie5.PME.Riesling5.FE260_WARNING20020Produktmangel Abfï¿½llwaage 4": "PLC Handler.FE260_WARNING20020Produktmangel Abfï¿½llwaage 4",
    "Linie5.PME.Riesling5.FE260_WARNING20021Produktmangel Abfï¿½llwaage 5": "PLC Handler.FE260_WARNING20021Produktmangel Abfï¿½llwaage 5",
    "Linie5.PME.Riesling5.FE260_WARNING20032": "PLC Handler.FE260_WARNING20032",
    "Linie5.PME.Riesling5.FE260_WARNING20033Abfï¿½llwaage 1 nicht bereit": "PLC Handler.FE260_WARNING20033Abfï¿½llwaage 1 nicht bereit",
    "Linie5.PME.Riesling5.FE260_WARNING20034Abfï¿½llwaage 2 nicht bereit": "PLC Handler.FE260_WARNING20034Abfï¿½llwaage 2 nicht bereit",
    "Linie5.PME.Riesling5.FE260_WARNING20035Abfï¿½llwaage 3 nicht bereit": "PLC Handler.FE260_WARNING20035Abfï¿½llwaage 3 nicht bereit",
    "Linie5.PME.Riesling5.FE260_WARNING20036Abfï¿½llwaage 4 nicht bereit": "PLC Handler.FE260_WARNING20036Abfï¿½llwaage 4 nicht bereit",
    "Linie5.PME.Riesling5.FE260_WARNING20037Abfï¿½llwaage 5 nicht bereit": "PLC Handler.FE260_WARNING20037Abfï¿½llwaage 5 nicht bereit",
    "Linie5.PME.Riesling5.FE260_WARNING20038Abfï¿½llwaage 6 nicht bereit": "PLC Handler.FE260_WARNING20038Abfï¿½llwaage 6 nicht bereit",
    "Linie5.PME.Riesling5.FE260_WARNING20039Abfï¿½llwaage 1 nicht in Position": "PLC Handler.FE260_WARNING20039Abfï¿½llwaage 1 nicht in Position",
    "Linie5.PME.Riesling5.FE260_WARNING20040Abfï¿½llwaage 2 nicht in Position": "PLC Handler.FE260_WARNING20040Abfï¿½llwaage 2 nicht in Position",
    "Linie5.PME.Riesling5.FE260_WARNING20041Abfï¿½llwaage 3 nicht in Position": "PLC Handler.FE260_WARNING20041Abfï¿½llwaage 3 nicht in Position",
    "Linie5.PME.Riesling5.FE260_WARNING20042Abfï¿½llwaage 4 nicht in Position": "PLC Handler.FE260_WARNING20042Abfï¿½llwaage 4 nicht in Position",
    "Linie5.PME.Riesling5.FE260_WARNING20043Abfï¿½llwaage 5 nicht in Position": "PLC Handler.FE260_WARNING20043Abfï¿½llwaage 5 nicht in Position",
    "Linie5.PME.Riesling5.FE260_WARNING20048": "PLC Handler.FE260_WARNING20048",
    "Linie5.PME.Riesling5.FE260_INFORMATION20001Abfï¿½llwaage 1": "PLC Handler.FE260_INFORMATION20001Abfï¿½llwaage 1",
    "Linie5.PME.Riesling5.FE260_INFORMATION20002Abfï¿½llwaage 2": "PLC Handler.FE260_INFORMATION20002Abfï¿½llwaage 2",
    "Linie5.PME.Riesling5.FE260_INFORMATION20003Abfï¿½llwaage 3": "PLC Handler.FE260_INFORMATION20003Abfï¿½llwaage 3",
    "Linie5.PME.Riesling5.FE260_INFORMATION20004Abfï¿½llwaage 4": "PLC Handler.FE260_INFORMATION20004Abfï¿½llwaage 4",
    "Linie5.PME.Riesling5.FE260_INFORMATION20005Abfï¿½llwaage 5": "PLC Handler.FE260_INFORMATION20005Abfï¿½llwaage 5",
    "Linie5.PME.Riesling5.FE260_INFORMATION20006Abfï¿½llwaage 6": "PLC Handler.FE260_INFORMATION20006Abfï¿½llwaage 6",
    "Linie5.PME.Riesling5.FE260_INFORMATION20007Nullpunktanforderung Abfï¿½llwaage 1": "PLC Handler.FE260_INFORMATION20007Nullpunktanforderung Abfï¿½llwaage 1",
    "Linie5.PME.Riesling5.FE260_INFORMATION20008Nullpunktanforderung Abfï¿½llwaage 2": "PLC Handler.FE260_INFORMATION20008Nullpunktanforderung Abfï¿½llwaage 2",
    "Linie5.PME.Riesling5.FE260_INFORMATION20009Nullpunktanforderung Abfï¿½llwaage 3": "PLC Handler.FE260_INFORMATION20009Nullpunktanforderung Abfï¿½llwaage 3",
    "Linie5.PME.Riesling5.FE260_INFORMATION20010Nullpunktanforderung Abfï¿½llwaage 4": "PLC Handler.FE260_INFORMATION20010Nullpunktanforderung Abfï¿½llwaage 4",
    "Linie5.PME.Riesling5.FE260_INFORMATION20011Nullpunktanforderung Abfï¿½llwaage 5": "PLC Handler.FE260_INFORMATION20011Nullpunktanforderung Abfï¿½llwaage 5",
    "Linie5.PME.Riesling5.FE260_INFORMATION20016": "PLC Handler.FE260_INFORMATION20016",
    "Linie5.PME.Riesling5.FE286_ALARM20001Dosierer 1": "PLC Handler.FE286_ALARM20001Dosierer 1",
    "Linie5.PME.Riesling5.FE286_ALARM20002Verschluss Dosierer 1": "PLC Handler.FE286_ALARM20002Verschluss Dosierer 1",
    "Linie5.PME.Riesling5.FE286_ALARM20003Dosierer 1 Not Halt": "PLC Handler.FE286_ALARM20003Dosierer 1 Not Halt",
    "Linie5.PME.Riesling5.FE286_ALARM20004Wartungschalter Dosierer 1": "PLC Handler.FE286_ALARM20004Wartungschalter Dosierer 1",
    "Linie5.PME.Riesling5.FE286_ALARM20005Motorschutzschalter Dosierer 1": "PLC Handler.FE286_ALARM20005Motorschutzschalter Dosierer 1",
    "Linie5.PME.Riesling5.FE286_ALARM20006Dosierer 1 Feldbusfehler": "PLC Handler.FE286_ALARM20006Dosierer 1 Feldbusfehler",
    "Linie5.PME.Riesling5.FE286_ALARM20009": "PLC Handler.FE286_ALARM20009",
    "Linie5.PME.Riesling5.FE286_ALARM20010Dosierer 1: Kommunikationsfehler": "PLC Handler.FE286_ALARM20010Dosierer 1: Kommunikationsfehler",
    "Linie5.PME.Riesling5.FE286_ALARM20011Dosierer 1: Rï¿½hrer": "PLC Handler.FE286_ALARM20011Dosierer 1: Rï¿½hrer",
    "Linie5.PME.Riesling5.FE286_ALARM20016": "PLC Handler.FE286_ALARM20016",
    "Linie5.PME.Riesling5.FE286_WARNING20001Dosierer 1": "PLC Handler.FE286_WARNING20001Dosierer 1",
    "Linie5.PME.Riesling5.FE286_WARNING20002Dosierer 1: Nicht auf Arbeitsposition": "PLC Handler.FE286_WARNING20002Dosierer 1: Nicht auf Arbeitsposition",
    "Linie5.PME.Riesling5.FE286_WARNING20003Dosierer 1: Rï¿½hrer": "PLC Handler.FE286_WARNING20003Dosierer 1: Rï¿½hrer",
    "Linie5.PME.Riesling5.FE286_WARNING20008": "PLC Handler.FE286_WARNING20008",
    "Linie5.PME.Riesling5.FE286_INFORMATION20016": "PLC Handler.FE286_INFORMATION20016",
    "Linie5.PME.Riesling5.FE104_ALARM20001Motorschutz Auslaufband": "PLC Handler.FE104_ALARM20001Motorschutz Auslaufband",
    "Linie5.PME.Riesling5.FE104_ALARM20002Frequenzumrichter Auslaufband": "PLC Handler.FE104_ALARM20002Frequenzumrichter Auslaufband",
    "Linie5.PME.Riesling5.FE104_ALARM20003ï¿½bertemperatur Auslaufband": "PLC Handler.FE104_ALARM20003ï¿½bertemperatur Auslaufband",
    "Linie5.PME.Riesling5.FE104_ALARM20005": "PLC Handler.FE104_ALARM20005",
    "Linie5.PME.Riesling5.FE104_ALARM20006Stau im Auslauf": "PLC Handler.FE104_ALARM20006Stau im Auslauf",
    "Linie5.PME.Riesling5.FE104_ALARM20007Stau Abtransportband": "PLC Handler.FE104_ALARM20007Stau Abtransportband",
    "Linie5.PME.Riesling5.": "PLC Handler.",
    "Linie5.PME.Riesling5.FE104_WARNING20001Paket ausgeworfen": "PLC Handler.FE104_WARNING20001Paket ausgeworfen",
    "Linie5.PME.Riesling5.FE104_WARNING20002Paket von SVE 1 ausgeworfen": "PLC Handler.FE104_WARNING20002Paket von SVE 1 ausgeworfen",
    "Linie5.PME.Riesling5.FE104_WARNING20003Stau auf Abtransportband": "PLC Handler.FE104_WARNING20003Stau auf Abtransportband",
    "Linie5.PME.Riesling5.FE104_WARNING20004Paket von SVE 2 ausgeworfen": "PLC Handler.FE104_WARNING20004Paket von SVE 2 ausgeworfen",
    "Linie5.PME.Riesling5.FE104_WARNING20005Paket von Kopfsiegelung ausgeworfen": "PLC Handler.FE104_WARNING20005Paket von Kopfsiegelung ausgeworfen",
    "Linie5.PME.Riesling5.FE104_WARNING20006Paket mit hochstehendem Verschluss ausgeworfen": "PLC Handler.FE104_WARNING20006Paket mit hochstehendem Verschluss ausgeworfen",
    "Linie5.PME.Riesling5.FE104_INFORMATION20001Paket ausgeworfen": "PLC Handler.FE104_INFORMATION20001Paket ausgeworfen",
    "Linie5.PME.Riesling5.FE104_INFORMATION20002Paket von SVE 1 ausgeworfen": "PLC Handler.FE104_INFORMATION20002Paket von SVE 1 ausgeworfen",
    "Linie5.PME.Riesling5.FE104_INFORMATION20003Stau auf Abtransportband": "PLC Handler.FE104_INFORMATION20003Stau auf Abtransportband",
    "Linie5.PME.Riesling5.FE104_INFORMATION20004Paket von SVE 2 ausgeworfen": "PLC Handler.FE104_INFORMATION20004Paket von SVE 2 ausgeworfen",
    "Linie5.PME.Riesling5.FE104_INFORMATION20005Paket von Kopfsiegelung ausgeworfen": "PLC Handler.FE104_INFORMATION20005Paket von Kopfsiegelung ausgeworfen",
    "Linie5.PME.Riesling5.FE104_INFORMATION20006Paket mit hochstehendem Verschluss ausgeworfen": "PLC Handler.FE104_INFORMATION20006Paket mit hochstehendem Verschluss ausgeworfen",
    "Linie5.PME.Riesling5.FE95_ALARM20001Ausschub: Profibusfehler": "PLC Handler.FE95_ALARM20001Ausschub: Profibusfehler",
    "Linie5.PME.Riesling5.FE95_ALARM20002Ausschub: ï¿½berwachung nicht hinten": "PLC Handler.FE95_ALARM20002Ausschub: ï¿½berwachung nicht hinten",
    "Linie5.PME.Riesling5.FE95_ALARM20003Motor Auslaufband": "PLC Handler.FE95_ALARM20003Motor Auslaufband",
    "Linie5.PME.Riesling5.FE95_ALARM20004Ausschub: ï¿½berwachung nicht vorne": "PLC Handler.FE95_ALARM20004Ausschub: ï¿½berwachung nicht vorne",
    "Linie5.PME.Riesling5.FE95_ALARM20005Ausschub: Referenz": "PLC Handler.FE95_ALARM20005Ausschub: Referenz",
    "Linie5.PME.Riesling5.FE95_ALARM20006Ausschub: Frequenzumrichter Auslaufband": "PLC Handler.FE95_ALARM20006Ausschub: Frequenzumrichter Auslaufband",
    "Linie5.PME.Riesling5.FE95_ALARM20007hochstehender Verschluss erkannt -> Paket entnehmen": "PLC Handler.FE95_ALARM20007hochstehender Verschluss erkannt -> Paket entnehmen",
    "Linie5.PME.Riesling5.FE95_ALARM20016": "PLC Handler.FE95_ALARM20016",
    "Linie5.PME.Riesling5.FE95_ALARM20017Ausschub: Profibusfehler": "PLC Handler.FE95_ALARM20017Ausschub: Profibusfehler",
    "Linie5.PME.Riesling5.FE95_ALARM20018Ausschub: Paketï¿½bergabe": "PLC Handler.FE95_ALARM20018Ausschub: Paketï¿½bergabe",
    "Linie5.PME.Riesling5.FE95_ALARM20020": "PLC Handler.FE95_ALARM20020",
    "Linie5.PME.Riesling5.FE95_ALARM20021Ausschub: Frequenzumrichter Auslaufband": "PLC Handler.FE95_ALARM20021Ausschub: Frequenzumrichter Auslaufband",
    "Linie5.PME.Riesling5.FE95_ALARM20022Ausschub: Frequenzumrichter Auslaufband": "PLC Handler.FE95_ALARM20022Ausschub: Frequenzumrichter Auslaufband",
    "Linie5.PME.Riesling5.FE95_WARNING20016": "PLC Handler.FE95_WARNING20016",
    "Linie5.PME.Riesling5.FE95_WARNING20017Ausschub: Stau auf Abtransportband": "PLC Handler.FE95_WARNING20017Ausschub: Stau auf Abtransportband",
    "Linie5.PME.Riesling5.FE95_INFORMATION20016": "PLC Handler.FE95_INFORMATION20016",
    "Linie5.PME.Riesling5.FE279_ALARM20001Durchfuss Formrohr zu gering": "PLC Handler.FE279_ALARM20001Durchfuss Formrohr zu gering",
    "Linie5.PME.Riesling5.FE279_ALARM20002Durchfuss Abfï¿½llaggregat zu gering": "PLC Handler.FE279_ALARM20002Durchfuss Abfï¿½llaggregat zu gering",
    "Linie5.PME.Riesling5.FE120_ALARM20033": "PLC Handler.FE120_ALARM20033",
    "Linie5.PME.Riesling5.FE120_ALARM20034keine Druckmarke gefunden": "PLC Handler.FE120_ALARM20034keine Druckmarke gefunden",
    "Linie5.PME.Riesling5.FE120_ALARM20048": "PLC Handler.FE120_ALARM20048",
    "Linie5.PME.Riesling5.FE120_ALARM20001Stï¿½rung Drucker": "PLC Handler.FE120_ALARM20001Stï¿½rung Drucker",
    "Linie5.PME.Riesling5.FE120_ALARM20002Drucker nicht betriebsbereit": "PLC Handler.FE120_ALARM20002Drucker nicht betriebsbereit",
    "Linie5.PME.Riesling5.FE120_ALARM20016": "PLC Handler.FE120_ALARM20016",
    "Linie5.PME.Riesling5.FE120_WARNING20033Warnung aktiv": "PLC Handler.FE120_WARNING20033Warnung aktiv",
    "Linie5.PME.Riesling5.FE120_WARNING20034nicht betriebsbereit": "PLC Handler.FE120_WARNING20034nicht betriebsbereit",
    "Linie5.PME.Riesling5.FE120_WARNING20035kein Druck aufgebracht": "PLC Handler.FE120_WARNING20035kein Druck aufgebracht",
    "Linie5.PME.Riesling5.FE120_WARNING20048": "PLC Handler.FE120_WARNING20048",
    "Linie5.PME.Riesling5.FE120_WARNING20001Drucker Vorwarnung Rollenende": "PLC Handler.FE120_WARNING20001Drucker Vorwarnung Rollenende",
    "Linie5.PME.Riesling5.FE120_WARNING20002Drucker nicht betriebsbereit": "PLC Handler.FE120_WARNING20002Drucker nicht betriebsbereit",
    "Linie5.PME.Riesling5.FE120_WARNING20003Beutel ohne Druck": "PLC Handler.FE120_WARNING20003Beutel ohne Druck",
    "Linie5.PME.Riesling5.FE120_WARNING20016": "PLC Handler.FE120_WARNING20016",
    "Linie5.PME.Riesling5.FE120_INFORMATION20033Warnung aktiv": "PLC Handler.FE120_INFORMATION20033Warnung aktiv",
    "Linie5.PME.Riesling5.FE120_INFORMATION20034nicht betriebsbereit": "PLC Handler.FE120_INFORMATION20034nicht betriebsbereit",
    "Linie5.PME.Riesling5.FE120_INFORMATION20035kein Druck aufgebracht": "PLC Handler.FE120_INFORMATION20035kein Druck aufgebracht",
    "Linie5.PME.Riesling5.FE120_INFORMATION20048": "PLC Handler.FE120_INFORMATION20048",
    "Linie5.PME.Riesling5.FE120_INFORMATION20001Drucker Vorwarnung Rollenende": "PLC Handler.FE120_INFORMATION20001Drucker Vorwarnung Rollenende",
    "Linie5.PME.Riesling5.FE120_INFORMATION20002Drucker nicht betriebsbereit": "PLC Handler.FE120_INFORMATION20002Drucker nicht betriebsbereit",
    "Linie5.PME.Riesling5.FE120_INFORMATION20003Beutel ohne Druck": "PLC Handler.FE120_INFORMATION20003Beutel ohne Druck",
    "Linie5.PME.Riesling5.FE120_INFORMATION20016": "PLC Handler.FE120_INFORMATION20016",
    "Linie5.PME.Riesling5.FE130_ALARM20001nicht Betriebsbereit": "PLC Handler.FE130_ALARM20001nicht Betriebsbereit",
    "Linie5.PME.Riesling5.FE130_ALARM20002Rollenende": "PLC Handler.FE130_ALARM20002Rollenende",
    "Linie5.PME.Riesling5.FE130_ALARM20003Aufsetzstempel nicht oben": "PLC Handler.FE130_ALARM20003Aufsetzstempel nicht oben",
    "Linie5.PME.Riesling5.FE130_ALARM20004Aufsetzstempel nicht unten": "PLC Handler.FE130_ALARM20004Aufsetzstempel nicht unten",
    "Linie5.PME.Riesling5.FE130_ALARM20005Spendekante nicht vorne": "PLC Handler.FE130_ALARM20005Spendekante nicht vorne",
    "Linie5.PME.Riesling5.FE130_ALARM20006Spendekante nicht hinten": "PLC Handler.FE130_ALARM20006Spendekante nicht hinten",
    "Linie5.PME.Riesling5.FE130_ALARM20007Parameterfehler": "PLC Handler.FE130_ALARM20007Parameterfehler",
    "Linie5.PME.Riesling5.FE130_ALARM20016": "PLC Handler.FE130_ALARM20016",
    "Linie5.PME.Riesling5.FE130_WARNING20016": "PLC Handler.FE130_WARNING20016",
    "Linie5.PME.Riesling5.FE130_INFORMATION20016": "PLC Handler.FE130_INFORMATION20016",
    "Linie5.PME.Riesling5.FE149_ALARM20001Stï¿½rung Servo-Steuergerï¿½t (LMC400)": "PLC Handler.FE149_ALARM20001Stï¿½rung Servo-Steuergerï¿½t (LMC400)",
    "Linie5.PME.Riesling5.FE149_ALARM20002Stï¿½rung Hauptantrieb": "PLC Handler.FE149_ALARM20002Stï¿½rung Hauptantrieb",
    "Linie5.PME.Riesling5.FE149_ALARM20003Encoder- Achsposition Hauptantrieb verloren, Nullpunkt neu einstellen": "PLC Handler.FE149_ALARM20003Encoder- Achsposition Hauptantrieb verloren, Nullpunkt neu einstellen",
    "Linie5.PME.Riesling5.FE149_ALARM20004Hauptantrieb: Bremse manuell gelï¿½st": "PLC Handler.FE149_ALARM20004Hauptantrieb: Bremse manuell gelï¿½st",
    "Linie5.PME.Riesling5.FE149_ALARM20005Maschine nicht im Einrichtbetrieb": "PLC Handler.FE149_ALARM20005Maschine nicht im Einrichtbetrieb",
    "Linie5.PME.Riesling5.FE149_WARNING20001": "PLC Handler.FE149_WARNING20001",
    "Linie5.PME.Riesling5.FE149_WARNING20002Rï¿½cksetzen Geber Haupantrieb nicht erlaubt!": "PLC Handler.FE149_WARNING20002Rï¿½cksetzen Geber Haupantrieb nicht erlaubt!",
    "Linie5.PME.Riesling5.FE149_WARNING20016": "PLC Handler.FE149_WARNING20016",
    "Linie5.PME.Riesling5.FE149_INFORMATION20016": "PLC Handler.FE149_INFORMATION20016",
    "Linie5.PME.Riesling5.FE156_ALARM20001Vorabwicklung angehoben": "PLC Handler.FE156_ALARM20001Vorabwicklung angehoben",
    "Linie5.PME.Riesling5.FE156_ALARM20002Frequenzumrichter Vorabwicklung": "PLC Handler.FE156_ALARM20002Frequenzumrichter Vorabwicklung",
    "Linie5.PME.Riesling5.FE156_ALARM20003Motortemperatur Vorabwicklung": "PLC Handler.FE156_ALARM20003Motortemperatur Vorabwicklung",
    "Linie5.PME.Riesling5.FE156_ALARM20004Pendel am oberen Anschlag": "PLC Handler.FE156_ALARM20004Pendel am oberen Anschlag",
    "Linie5.PME.Riesling5.FE156_ALARM20005Packstoffrollenende": "PLC Handler.FE156_ALARM20005Packstoffrollenende",
    "Linie5.PME.Riesling5.FE156_ALARM20006Stopptaste wurde betï¿½tigt": "PLC Handler.FE156_ALARM20006Stopptaste wurde betï¿½tigt",
    "Linie5.PME.Riesling5.FE156_ALARM20007Motorschutz Vorabwicklung ausgelï¿½st": "PLC Handler.FE156_ALARM20007Motorschutz Vorabwicklung ausgelï¿½st",
    "Linie5.PME.Riesling5.FE156_ALARM20008Pendel am unteren Anschlag": "PLC Handler.FE156_ALARM20008Pendel am unteren Anschlag",
    "Linie5.PME.Riesling5.FE156_ALARM20009Folienfesthalt eingeschaltet": "PLC Handler.FE156_ALARM20009Folienfesthalt eingeschaltet",
    "Linie5.PME.Riesling5.FE156_ALARM20010Antrieb Rolleneinhebung": "PLC Handler.FE156_ALARM20010Antrieb Rolleneinhebung",
    "Linie5.PME.Riesling5.FE156_ALARM20011Zum Teachen die Folienrolle aushï¿½ngen und Abwicklungsmotor abheben!": "PLC Handler.FE156_ALARM20011Zum Teachen die Folienrolle aushï¿½ngen und Abwicklungsmotor abheben!",
    "Linie5.PME.Riesling5.FE156_ALARM20012Frequenzumrichter Vorabwicklung": "PLC Handler.FE156_ALARM20012Frequenzumrichter Vorabwicklung",
    "Linie5.PME.Riesling5.FE156_ALARM20016": "PLC Handler.FE156_ALARM20016",
    "Linie5.PME.Riesling5.FE156_WARNING20001Vorwarnung Rollenende": "PLC Handler.FE156_WARNING20001Vorwarnung Rollenende",
    "Linie5.PME.Riesling5.FE156_WARNING20002Folienpendel am Anschlag": "PLC Handler.FE156_WARNING20002Folienpendel am Anschlag",
    "Linie5.PME.Riesling5.FE156_WARNING20003Folienpendel zu schnell": "PLC Handler.FE156_WARNING20003Folienpendel zu schnell",
    "Linie5.PME.Riesling5.FE156_WARNING20004Festhalt Anklebetisch aktiv": "PLC Handler.FE156_WARNING20004Festhalt Anklebetisch aktiv",
    "Linie5.PME.Riesling5.FE156_WARNING20005Bremse manuell gelï¿½st": "PLC Handler.FE156_WARNING20005Bremse manuell gelï¿½st",
    "Linie5.PME.Riesling5.FE156_WARNING20006Stopptaste gedrï¿½ckt": "PLC Handler.FE156_WARNING20006Stopptaste gedrï¿½ckt",
    "Linie5.PME.Riesling5.FE156_WARNING20007Rollenende": "PLC Handler.FE156_WARNING20007Rollenende",
    "Linie5.PME.Riesling5.FE156_WARNING20008Bahnkantenverstellung am Anschlag": "PLC Handler.FE156_WARNING20008Bahnkantenverstellung am Anschlag",
    "Linie5.PME.Riesling5.FE156_WARNING20016": "PLC Handler.FE156_WARNING20016",
    "Linie5.PME.Riesling5.FE156_INFORMATION20001Vorwarnung Packstoffrollenende": "PLC Handler.FE156_INFORMATION20001Vorwarnung Packstoffrollenende",
    "Linie5.PME.Riesling5.FE156_INFORMATION20002Pendel am Anschlag": "PLC Handler.FE156_INFORMATION20002Pendel am Anschlag",
    "Linie5.PME.Riesling5.FE156_INFORMATION20003Pendel zu schnell": "PLC Handler.FE156_INFORMATION20003Pendel zu schnell",
    "Linie5.PME.Riesling5.FE156_INFORMATION20004Festhalt am Anklebetisch geschlossen": "PLC Handler.FE156_INFORMATION20004Festhalt am Anklebetisch geschlossen",
    "Linie5.PME.Riesling5.FE156_INFORMATION20005Packstoffrollenbremse manuell geï¿½ffnet": "PLC Handler.FE156_INFORMATION20005Packstoffrollenbremse manuell geï¿½ffnet",
    "Linie5.PME.Riesling5.FE156_INFORMATION20006Stopptaste wurde betï¿½tigt": "PLC Handler.FE156_INFORMATION20006Stopptaste wurde betï¿½tigt",
    "Linie5.PME.Riesling5.FE156_INFORMATION20007Packstoffrollenende": "PLC Handler.FE156_INFORMATION20007Packstoffrollenende",
    "Linie5.PME.Riesling5.FE156_INFORMATION20008Bahnkante am Anschlag": "PLC Handler.FE156_INFORMATION20008Bahnkante am Anschlag",
    "Linie5.PME.Riesling5.FE156_INFORMATION20009Nicht auf Arbeitsposition": "PLC Handler.FE156_INFORMATION20009Nicht auf Arbeitsposition",
    "Linie5.PME.Riesling5.FE156_INFORMATION20010Pendel am oberen Anschlag": "PLC Handler.FE156_INFORMATION20010Pendel am oberen Anschlag",
    "Linie5.PME.Riesling5.FE156_INFORMATION20016": "PLC Handler.FE156_INFORMATION20016",
    "Linie5.PME.Riesling5.FE193_ALARM20001Spout-Applikator 1: Profibusfehler": "PLC Handler.FE193_ALARM20001Spout-Applikator 1: Profibusfehler",
    "Linie5.PME.Riesling5.FE193_ALARM20002Spout-Applikator 1: Antrieb Sonotrode": "PLC Handler.FE193_ALARM20002Spout-Applikator 1: Antrieb Sonotrode",
    "Linie5.PME.Riesling5.FE193_ALARM20003Spout-Applikator 1: Antrieb Greifer schwenken": "PLC Handler.FE193_ALARM20003Spout-Applikator 1: Antrieb Greifer schwenken",
    "Linie5.PME.Riesling5.FE193_ALARM20004Spout-Applikator 1: Stï¿½rung Spout Vereinzelung": "PLC Handler.FE193_ALARM20004Spout-Applikator 1: Stï¿½rung Spout Vereinzelung",
    "Linie5.PME.Riesling5.FE193_ALARM20005Spout-Applikator 1: Bereitstellungsrinne leer": "PLC Handler.FE193_ALARM20005Spout-Applikator 1: Bereitstellungsrinne leer",
    "Linie5.PME.Riesling5.FE193_ALARM20006Spout-Applikator 1: Vereinzelung nicht in Endlage": "PLC Handler.FE193_ALARM20006Spout-Applikator 1: Vereinzelung nicht in Endlage",
    "Linie5.PME.Riesling5.FE193_ALARM20007Spout-Applikator 1: Greifer nicht in Endlage": "PLC Handler.FE193_ALARM20007Spout-Applikator 1: Greifer nicht in Endlage",
    "Linie5.PME.Riesling5.FE193_ALARM20008Spout-Applikator 1: Aktor Vereinzelung": "PLC Handler.FE193_ALARM20008Spout-Applikator 1: Aktor Vereinzelung",
    "Linie5.PME.Riesling5.FE193_ALARM20009Spout-Applikator 1: Aktor Greifer": "PLC Handler.FE193_ALARM20009Spout-Applikator 1: Aktor Greifer",
    "Linie5.PME.Riesling5.FE193_ALARM20010Spout-Applikator 1: Aktor Vakuum": "PLC Handler.FE193_ALARM20010Spout-Applikator 1: Aktor Vakuum",
    "Linie5.PME.Riesling5.FE193_ALARM20011Spout-Applikator 1: Bremse gelï¿½st": "PLC Handler.FE193_ALARM20011Spout-Applikator 1: Bremse gelï¿½st",
    "Linie5.PME.Riesling5.FE193_ALARM20012Spout-Applikator 1: Spout fehlt im Greifer": "PLC Handler.FE193_ALARM20012Spout-Applikator 1: Spout fehlt im Greifer",
    "Linie5.PME.Riesling5.FE193_ALARM20013Spout-Applikator 1: Spout fehlt in Sonotrode": "PLC Handler.FE193_ALARM20013Spout-Applikator 1: Spout fehlt in Sonotrode",
    "Linie5.PME.Riesling5.FE193_ALARM20014Spout-Applikator 1: ï¿½berwachung Kï¿½hlluft Sonotrode": "PLC Handler.FE193_ALARM20014Spout-Applikator 1: ï¿½berwachung Kï¿½hlluft Sonotrode",
    "Linie5.PME.Riesling5.FE193_ALARM20015Spout-Applikator 1: Ultraschallgenerator nicht betriebsbereit": "PLC Handler.FE193_ALARM20015Spout-Applikator 1: Ultraschallgenerator nicht betriebsbereit",
    "Linie5.PME.Riesling5.FE193_ALARM20016Spout-Applikator 1: Ultraschallschweissung nicht im Vorgabefenster": "PLC Handler.FE193_ALARM20016Spout-Applikator 1: Ultraschallschweissung nicht im Vorgabefenster",
    "Linie5.PME.Riesling5.FE193_ALARM20017Spout-Applikator 1: ï¿½berwachung Vakuumsensor": "PLC Handler.FE193_ALARM20017Spout-Applikator 1: ï¿½berwachung Vakuumsensor",
    "Linie5.PME.Riesling5.FE193_ALARM20018Eradicator 1: Fï¿½hlerbruch": "PLC Handler.FE193_ALARM20018Eradicator 1: Fï¿½hlerbruch",
    "Linie5.PME.Riesling5.FE193_ALARM20019Eradicator 1: max Temperatur": "PLC Handler.FE193_ALARM20019Eradicator 1: max Temperatur",
    "Linie5.PME.Riesling5.FE193_ALARM20020Eradicator 1: Solidstate defekt": "PLC Handler.FE193_ALARM20020Eradicator 1: Solidstate defekt",
    "Linie5.PME.Riesling5.FE193_ALARM20021Eradicator 1:Druckmarke nicht gefunden": "PLC Handler.FE193_ALARM20021Eradicator 1:Druckmarke nicht gefunden",
    "Linie5.PME.Riesling5.FE193_ALARM20022Eradicator 1:Antrieb Verstellung": "PLC Handler.FE193_ALARM20022Eradicator 1:Antrieb Verstellung",
    "Linie5.PME.Riesling5.FE193_ALARM20023Eradicator 1:Verstellung am Anschlag": "PLC Handler.FE193_ALARM20023Eradicator 1:Verstellung am Anschlag",
    "Linie5.PME.Riesling5.FE193_ALARM20024Eradicator 1:Ultraschallgenerator nicht betriebsbereit": "PLC Handler.FE193_ALARM20024Eradicator 1:Ultraschallgenerator nicht betriebsbereit",
    "Linie5.PME.Riesling5.FE193_ALARM20025Eradicator 1:Ultraschallschwï¿½chung nicht im Vorgabefenster": "PLC Handler.FE193_ALARM20025Eradicator 1:Ultraschallschwï¿½chung nicht im Vorgabefenster",
    "Linie5.PME.Riesling5.FE193_ALARM20026Eradicator 1: Stempel nicht in Endlage": "PLC Handler.FE193_ALARM20026Eradicator 1: Stempel nicht in Endlage",
    "Linie5.PME.Riesling5.FE193_ALARM20032": "PLC Handler.FE193_ALARM20032",
    "Linie5.PME.Riesling5.FE193_WARNING20001Spout-Applikator 1: Temperaturabweichung Folienschwï¿½chung": "PLC Handler.FE193_WARNING20001Spout-Applikator 1: Temperaturabweichung Folienschwï¿½chung",
    "Linie5.PME.Riesling5.FE193_WARNING20002Spout-Applikator 1: Bereitstellungsrinne leer": "PLC Handler.FE193_WARNING20002Spout-Applikator 1: Bereitstellungsrinne leer",
    "Linie5.PME.Riesling5.FE193_WARNING20003Spout-Applikator 1: Stï¿½rung Spout Vereinzelung": "PLC Handler.FE193_WARNING20003Spout-Applikator 1: Stï¿½rung Spout Vereinzelung",
    "Linie5.PME.Riesling5.FE193_WARNING20004Spout-Applikator 1: Schwingfï¿½rderer leer": "PLC Handler.FE193_WARNING20004Spout-Applikator 1: Schwingfï¿½rderer leer",
    "Linie5.PME.Riesling5.FE193_WARNING20005Spout-Applikator 1: Vereinzelung nicht in Endlage": "PLC Handler.FE193_WARNING20005Spout-Applikator 1: Vereinzelung nicht in Endlage",
    "Linie5.PME.Riesling5.FE193_WARNING20006Spout-Applikator 1: Greifer nicht in Endlage": "PLC Handler.FE193_WARNING20006Spout-Applikator 1: Greifer nicht in Endlage",
    "Linie5.PME.Riesling5.FE193_WARNING20007Spout-Applikator 1: keine Folienschwï¿½chung": "PLC Handler.FE193_WARNING20007Spout-Applikator 1: keine Folienschwï¿½chung",
    "Linie5.PME.Riesling5.FE193_WARNING20008Spout-Applikator 1: kein Spout aufgebracht": "PLC Handler.FE193_WARNING20008Spout-Applikator 1: kein Spout aufgebracht",
    "Linie5.PME.Riesling5.FE193_WARNING20009Eradicator 1: Stempel nicht in Endlage": "PLC Handler.FE193_WARNING20009Eradicator 1: Stempel nicht in Endlage",
    "Linie5.PME.Riesling5.FE193_WARNING20010Eradicator 1: Gegenstempel nicht in Endlage": "PLC Handler.FE193_WARNING20010Eradicator 1: Gegenstempel nicht in Endlage",
    "Linie5.PME.Riesling5.FE193_WARNING20011Eradicator 1: Druckmarke nicht gefunden": "PLC Handler.FE193_WARNING20011Eradicator 1: Druckmarke nicht gefunden",
    "Linie5.PME.Riesling5.FE193_WARNING20012Spout-Applikator 1: ausgeschaltet": "PLC Handler.FE193_WARNING20012Spout-Applikator 1: ausgeschaltet",
    "Linie5.PME.Riesling5.FE193_WARNING20013Eradicator 1: ausgeschaltet": "PLC Handler.FE193_WARNING20013Eradicator 1: ausgeschaltet",
    "Linie5.PME.Riesling5.FE193_WARNING20014Eradicator 1: Verstellung am Anschlag": "PLC Handler.FE193_WARNING20014Eradicator 1: Verstellung am Anschlag",
    "Linie5.PME.Riesling5.FE193_INFORMATION20016": "PLC Handler.FE193_INFORMATION20016",
    "Linie5.PME.Riesling5.FE97_ALARM20001Ventilapparat: Profibusfehler": "PLC Handler.FE97_ALARM20001Ventilapparat: Profibusfehler",
    "Linie5.PME.Riesling5.FE97_ALARM20002Ventilapparat: Fehler Stempelstellung": "PLC Handler.FE97_ALARM20002Ventilapparat: Fehler Stempelstellung",
    "Linie5.PME.Riesling5.FE97_ALARM20003Ventilapparat: Fehler Ventiltransport": "PLC Handler.FE97_ALARM20003Ventilapparat: Fehler Ventiltransport",
    "Linie5.PME.Riesling5.FE97_ALARM20004Ventilapparat: Bereitstellungsrinne leer": "PLC Handler.FE97_ALARM20004Ventilapparat: Bereitstellungsrinne leer",
    "Linie5.PME.Riesling5.FE97_ALARM20005Ventilapparat: Fehler Schieberstellung": "PLC Handler.FE97_ALARM20005Ventilapparat: Fehler Schieberstellung",
    "Linie5.PME.Riesling5.FE97_ALARM20006Ventilapparat: Ultraschallschweissen nicht betriebsbereit": "PLC Handler.FE97_ALARM20006Ventilapparat: Ultraschallschweissen nicht betriebsbereit",
    "Linie5.PME.Riesling5.FE97_ALARM20007Ventilapparat: Fehler Messer": "PLC Handler.FE97_ALARM20007Ventilapparat: Fehler Messer",
    "Linie5.PME.Riesling5.FE97_ALARM20008Ventilapparat: Fehler Ventilbereitstellung am Applikator": "PLC Handler.FE97_ALARM20008Ventilapparat: Fehler Ventilbereitstellung am Applikator",
    "Linie5.PME.Riesling5.FE97_ALARM20009Ventilapparat: Summenfehler Ventilerkennung": "PLC Handler.FE97_ALARM20009Ventilapparat: Summenfehler Ventilerkennung",
    "Linie5.PME.Riesling5.FE97_ALARM20010Ventilapparat: Ultraschallschweissen nicht im Vorgabefenster": "PLC Handler.FE97_ALARM20010Ventilapparat: Ultraschallschweissen nicht im Vorgabefenster",
    "Linie5.PME.Riesling5.FE97_ALARM20011Ventilapparat: Fehler Vereinzelung an Zufï¿½hrung": "PLC Handler.FE97_ALARM20011Ventilapparat: Fehler Vereinzelung an Zufï¿½hrung",
    "Linie5.PME.Riesling5.FE97_ALARM20012Ventilapparat: Kein Ventil an Sonotrode": "PLC Handler.FE97_ALARM20012Ventilapparat: Kein Ventil an Sonotrode",
    "Linie5.PME.Riesling5.FE97_ALARM20013Ventilapparat: Folie lï¿½uft wï¿½hrend Siegelung": "PLC Handler.FE97_ALARM20013Ventilapparat: Folie lï¿½uft wï¿½hrend Siegelung",
    "Linie5.PME.Riesling5.FE97_ALARM20014Ventilapparat: Ungï¿½ltige Betriebsart der SBM": "PLC Handler.FE97_ALARM20014Ventilapparat: Ungï¿½ltige Betriebsart der SBM",
    "Linie5.PME.Riesling5.FE97_ALARM20015Ventilapparat: Fehler Gegenstempel": "PLC Handler.FE97_ALARM20015Ventilapparat: Fehler Gegenstempel",
    "Linie5.PME.Riesling5.FE97_ALARM20016Ventilapparat: Drehscheibe nicht in Position": "PLC Handler.FE97_ALARM20016Ventilapparat: Drehscheibe nicht in Position",
    "Linie5.PME.Riesling5.FE97_ALARM20017Ventilapparat: Schweissdauer zu kurz": "PLC Handler.FE97_ALARM20017Ventilapparat: Schweissdauer zu kurz",
    "Linie5.PME.Riesling5.FE97_ALARM20032": "PLC Handler.FE97_ALARM20032",
    "Linie5.PME.Riesling5.FE97_WARNING20002": "PLC Handler.FE97_WARNING20002",
    "Linie5.PME.Riesling5.FE97_WARNING20003kein Ventil erkannt": "PLC Handler.FE97_WARNING20003kein Ventil erkannt",
    "Linie5.PME.Riesling5.FE97_WARNING20004Bereitstellungsrinne leer": "PLC Handler.FE97_WARNING20004Bereitstellungsrinne leer",
    "Linie5.PME.Riesling5.FE97_WARNING20005kein Ventil aufgebracht": "PLC Handler.FE97_WARNING20005kein Ventil aufgebracht",
    "Linie5.PME.Riesling5.FE97_WARNING20006Fehler bei Ventilauftrag": "PLC Handler.FE97_WARNING20006Fehler bei Ventilauftrag",
    "Linie5.PME.Riesling5.FE97_WARNING20007Fehler Schieberstellung": "PLC Handler.FE97_WARNING20007Fehler Schieberstellung",
    "Linie5.PME.Riesling5.FE97_WARNING20008Fehler Stempelstellung": "PLC Handler.FE97_WARNING20008Fehler Stempelstellung",
    "Linie5.PME.Riesling5.FE97_WARNING20009Fehler Messer": "PLC Handler.FE97_WARNING20009Fehler Messer",
    "Linie5.PME.Riesling5.FE97_WARNING20010Fehler Ventiltransport": "PLC Handler.FE97_WARNING20010Fehler Ventiltransport",
    "Linie5.PME.Riesling5.FE97_WARNING20011Ultraschallgenerator nicht betriebsbereit": "PLC Handler.FE97_WARNING20011Ultraschallgenerator nicht betriebsbereit",
    "Linie5.PME.Riesling5.FE97_WARNING20012Fehler Ventilbereitstellung ( am Applikator )": "PLC Handler.FE97_WARNING20012Fehler Ventilbereitstellung ( am Applikator )",
    "Linie5.PME.Riesling5.FE97_WARNING20013kein Loch gestochen": "PLC Handler.FE97_WARNING20013kein Loch gestochen",
    "Linie5.PME.Riesling5.FE97_WARNING20014Ultraschallschweissen nicht im Vorgabefenster": "PLC Handler.FE97_WARNING20014Ultraschallschweissen nicht im Vorgabefenster",
    "Linie5.PME.Riesling5.FE97_WARNING20015Fehler Vereinzelung an Zufï¿½hrung": "PLC Handler.FE97_WARNING20015Fehler Vereinzelung an Zufï¿½hrung",
    "Linie5.PME.Riesling5.FE97_WARNING20016Kein Ventil an Sonotrode": "PLC Handler.FE97_WARNING20016Kein Ventil an Sonotrode",
    "Linie5.PME.Riesling5.FE97_WARNING20019": "PLC Handler.FE97_WARNING20019",
    "Linie5.PME.Riesling5.FE97_INFORMATION20016": "PLC Handler.FE97_INFORMATION20016",
    "Linie5.PME.Riesling5.FE172_ALARM20016": "PLC Handler.FE172_ALARM20016",
    "Linie5.PME.Riesling5.FE172_WARNING20016": "PLC Handler.FE172_WARNING20016",
    "Linie5.PME.Riesling5.FE172_INFORMATION20016": "PLC Handler.FE172_INFORMATION20016",
    "Linie5.PME.Riesling5.FE108_ALARM20001Motorschutz Hï¿½henregulierung": "PLC Handler.FE108_ALARM20001Motorschutz Hï¿½henregulierung",
    "Linie5.PME.Riesling5.FE108_ALARM20002ï¿½bertemperatur Hï¿½henregulierung": "PLC Handler.FE108_ALARM20002ï¿½bertemperatur Hï¿½henregulierung",
    "Linie5.PME.Riesling5.FE108_ALARM20003ï¿½bervolles Paket unter Fï¿½llhï¿½hentastkopf": "PLC Handler.FE108_ALARM20003ï¿½bervolles Paket unter Fï¿½llhï¿½hentastkopf",
    "Linie5.PME.Riesling5.FE108_ALARM20005": "PLC Handler.FE108_ALARM20005",
    "Linie5.PME.Riesling5.FE108_ALARM20007": "PLC Handler.FE108_ALARM20007",
    "Linie5.PME.Riesling5.FE108_ALARM20008Sensor Tragschiene": "PLC Handler.FE108_ALARM20008Sensor Tragschiene",
    "Linie5.PME.Riesling5.FE108_ALARM20016": "PLC Handler.FE108_ALARM20016",
    "Linie5.PME.Riesling5.FE108_WARNING20001Pakethï¿½he in Formatumstellung": "PLC Handler.FE108_WARNING20001Pakethï¿½he in Formatumstellung",
    "Linie5.PME.Riesling5.FE108_WARNING20002Hï¿½henverstellung Tragschiene am Anschlag": "PLC Handler.FE108_WARNING20002Hï¿½henverstellung Tragschiene am Anschlag",
    "Linie5.PME.Riesling5.FE108_WARNING20003Tragschiene nach oben": "PLC Handler.FE108_WARNING20003Tragschiene nach oben",
    "Linie5.PME.Riesling5.FE108_WARNING20016": "PLC Handler.FE108_WARNING20016",
    "Linie5.PME.Riesling5.FE108_INFORMATION20001Pakethï¿½he in Formatumstellung": "PLC Handler.FE108_INFORMATION20001Pakethï¿½he in Formatumstellung",
    "Linie5.PME.Riesling5.FE108_INFORMATION20002Hï¿½henverstellung Tragschiene am Anschlag": "PLC Handler.FE108_INFORMATION20002Hï¿½henverstellung Tragschiene am Anschlag",
    "Linie5.PME.Riesling5.FE108_INFORMATION20003Tragschiene nach oben": "PLC Handler.FE108_INFORMATION20003Tragschiene nach oben",
    "Linie5.PME.Riesling5.FE108_INFORMATION20016": "PLC Handler.FE108_INFORMATION20016",
    "Linie5.PME.Riesling5.FE133_ALARM20001Motorschutz Rï¿½ttelung (11Q1)": "PLC Handler.FE133_ALARM20001Motorschutz Rï¿½ttelung (11Q1)",
    "Linie5.PME.Riesling5.FE133_ALARM20002Temperatur Motor Rï¿½ttelung": "PLC Handler.FE133_ALARM20002Temperatur Motor Rï¿½ttelung",
    "Linie5.PME.Riesling5.FE133_ALARM20016": "PLC Handler.FE133_ALARM20016",
    "Linie5.PME.Riesling5.FE133_WARNING20016": "PLC Handler.FE133_WARNING20016",
    "Linie5.PME.Riesling5.FE133_INFORMATION20016": "PLC Handler.FE133_INFORMATION20016",
    "Linie5.PME.Riesling5.FE148_ALARM20001Heizung SBM: Fï¿½hlerbruch": "PLC Handler.FE148_ALARM20001Heizung SBM: Fï¿½hlerbruch",
    "Linie5.PME.Riesling5.FE148_ALARM20002Heizung SBM: Max Temperatur": "PLC Handler.FE148_ALARM20002Heizung SBM: Max Temperatur",
    "Linie5.PME.Riesling5.FE148_ALARM20003Motorschutz Vakuumpumpe": "PLC Handler.FE148_ALARM20003Motorschutz Vakuumpumpe",
    "Linie5.PME.Riesling5.FE148_ALARM20004Messer steht nach vorn": "PLC Handler.FE148_ALARM20004Messer steht nach vorn",
    "Linie5.PME.Riesling5.FE148_ALARM20005Produkt zwischen Querbacken": "PLC Handler.FE148_ALARM20005Produkt zwischen Querbacken",
    "Linie5.PME.Riesling5.FE148_ALARM20006Antrieb Backenstuhl": "PLC Handler.FE148_ALARM20006Antrieb Backenstuhl",
    "Linie5.PME.Riesling5.FE148_ALARM20007Druckmarke nicht im Regelbereich": "PLC Handler.FE148_ALARM20007Druckmarke nicht im Regelbereich",
    "Linie5.PME.Riesling5.FE148_ALARM20008Antrieb Siegelung": "PLC Handler.FE148_ALARM20008Antrieb Siegelung",
    "Linie5.PME.Riesling5.FE148_ALARM20009Bandantrieb links": "PLC Handler.FE148_ALARM20009Bandantrieb links",
    "Linie5.PME.Riesling5.FE148_ALARM20010Bandantrieb rechts": "PLC Handler.FE148_ALARM20010Bandantrieb rechts",
    "Linie5.PME.Riesling5.FE148_ALARM20011Parameter fehlerhaft": "PLC Handler.FE148_ALARM20011Parameter fehlerhaft",
    "Linie5.PME.Riesling5.FE148_ALARM20012Perforiernadel nicht hinten": "PLC Handler.FE148_ALARM20012Perforiernadel nicht hinten",
    "Linie5.PME.Riesling5.FE148_ALARM20013Vakuum am Klebetisch eingeschaltet": "PLC Handler.FE148_ALARM20013Vakuum am Klebetisch eingeschaltet",
    "Linie5.PME.Riesling5.FE148_ALARM20014Stï¿½rung Rollenende": "PLC Handler.FE148_ALARM20014Stï¿½rung Rollenende",
    "Linie5.PME.Riesling5.FE148_ALARM20015Backenstuhl in Reinigungsposition": "PLC Handler.FE148_ALARM20015Backenstuhl in Reinigungsposition",
    "Linie5.PME.Riesling5.FE148_ALARM20016Paket nicht in Becherkette": "PLC Handler.FE148_ALARM20016Paket nicht in Becherkette",
    "Linie5.PME.Riesling5.FE148_ALARM20017Quernaht einrichten aktiv": "PLC Handler.FE148_ALARM20017Quernaht einrichten aktiv",
    "Linie5.PME.Riesling5.FE148_ALARM20018Aktion nicht mï¿½glich - erst referenzieren": "PLC Handler.FE148_ALARM20018Aktion nicht mï¿½glich - erst referenzieren",
    "Linie5.PME.Riesling5.FE148_ALARM20019Aktion nicht mï¿½glich - Kette nicht auf Station": "PLC Handler.FE148_ALARM20019Aktion nicht mï¿½glich - Kette nicht auf Station",
    "Linie5.PME.Riesling5.FE148_ALARM20020Doppelfï¿½llung": "PLC Handler.FE148_ALARM20020Doppelfï¿½llung",
    "Linie5.PME.Riesling5.FE148_ALARM20021 Klemmung Backenstuhlhub defekt": "PLC Handler.FE148_ALARM20021 Klemmung Backenstuhlhub defekt",
    "Linie5.PME.Riesling5.FE148_ALARM20022Motorbremse Backenstuhlhub defekt": "PLC Handler.FE148_ALARM20022Motorbremse Backenstuhlhub defekt",
    "Linie5.PME.Riesling5.FE148_ALARM20023Vakuum am Klebetisch eingeschaltet": "PLC Handler.FE148_ALARM20023Vakuum am Klebetisch eingeschaltet",
    "Linie5.PME.Riesling5.FE148_ALARM20024Folienfesthalt aktiv": "PLC Handler.FE148_ALARM20024Folienfesthalt aktiv",
    "Linie5.PME.Riesling5.FE148_ALARM20032": "PLC Handler.FE148_ALARM20032",
    "Linie5.PME.Riesling5.FE148_WARNING20001Temperaturabweichung Schlauchbeutelteil": "PLC Handler.FE148_WARNING20001Temperaturabweichung Schlauchbeutelteil",
    "Linie5.PME.Riesling5.FE148_WARNING20002Bahnkante nicht im Bereich": "PLC Handler.FE148_WARNING20002Bahnkante nicht im Bereich",
    "Linie5.PME.Riesling5.FE148_WARNING20003Druckmarke nicht im Regelbereich": "PLC Handler.FE148_WARNING20003Druckmarke nicht im Regelbereich",
    "Linie5.PME.Riesling5.FE148_WARNING20004Produkt zwischen Quernahtbacken": "PLC Handler.FE148_WARNING20004Produkt zwischen Quernahtbacken",
    "Linie5.PME.Riesling5.FE148_WARNING20005Packstoff geht zu Ende": "PLC Handler.FE148_WARNING20005Packstoff geht zu Ende",
    "Linie5.PME.Riesling5.FE148_WARNING20006Packstoffende": "PLC Handler.FE148_WARNING20006Packstoffende",
    "Linie5.PME.Riesling5.FE148_WARNING20007Klebestelle erkannt": "PLC Handler.FE148_WARNING20007Klebestelle erkannt",
    "Linie5.PME.Riesling5.FE148_WARNING20008Quernahtsiegelung in Einrichtposition": "PLC Handler.FE148_WARNING20008Quernahtsiegelung in Einrichtposition",
    "Linie5.PME.Riesling5.FE148_WARNING20009Backenstuhl in Reinigungsposition": "PLC Handler.FE148_WARNING20009Backenstuhl in Reinigungsposition",
    "Linie5.PME.Riesling5.FE148_WARNING20010Bahnkante am Anschlag": "PLC Handler.FE148_WARNING20010Bahnkante am Anschlag",
    "Linie5.PME.Riesling5.FE148_WARNING20011Heizungen Schlauchbeutel ausgeschaltet": "PLC Handler.FE148_WARNING20011Heizungen Schlauchbeutel ausgeschaltet",
    "Linie5.PME.Riesling5.FE148_WARNING20012Synchronisierung SBM mit Kette (bitte warten)": "PLC Handler.FE148_WARNING20012Synchronisierung SBM mit Kette (bitte warten)",
    "Linie5.PME.Riesling5.FE148_WARNING20013Klemmung Backenstuhlhub defekt": "PLC Handler.FE148_WARNING20013Klemmung Backenstuhlhub defekt",
    "Linie5.PME.Riesling5.FE148_WARNING20016": "PLC Handler.FE148_WARNING20016",
    "Linie5.PME.Riesling5.FE148_INFORMATION20001Temperaturabweichung Schlauchbeutelteil": "PLC Handler.FE148_INFORMATION20001Temperaturabweichung Schlauchbeutelteil",
    "Linie5.PME.Riesling5.FE148_INFORMATION20002Bahnkante nicht im Bereich": "PLC Handler.FE148_INFORMATION20002Bahnkante nicht im Bereich",
    "Linie5.PME.Riesling5.FE148_INFORMATION20003Druckmarke nicht im Regelbereich": "PLC Handler.FE148_INFORMATION20003Druckmarke nicht im Regelbereich",
    "Linie5.PME.Riesling5.FE148_INFORMATION20004Produkt zwischen Quernahtbacken": "PLC Handler.FE148_INFORMATION20004Produkt zwischen Quernahtbacken",
    "Linie5.PME.Riesling5.FE148_INFORMATION20005Packstoff geht zu Ende": "PLC Handler.FE148_INFORMATION20005Packstoff geht zu Ende",
    "Linie5.PME.Riesling5.FE148_INFORMATION20006Packstoffende": "PLC Handler.FE148_INFORMATION20006Packstoffende",
    "Linie5.PME.Riesling5.FE148_INFORMATION20007Klebestelle erkannt": "PLC Handler.FE148_INFORMATION20007Klebestelle erkannt",
    "Linie5.PME.Riesling5.FE148_INFORMATION20008Quernahtsiegelung in Einrichtposition": "PLC Handler.FE148_INFORMATION20008Quernahtsiegelung in Einrichtposition",
    "Linie5.PME.Riesling5.FE148_INFORMATION20009Backenstuhl in Reinigungsposition": "PLC Handler.FE148_INFORMATION20009Backenstuhl in Reinigungsposition",
    "Linie5.PME.Riesling5.FE148_INFORMATION20010Bahnkante am Anschlag": "PLC Handler.FE148_INFORMATION20010Bahnkante am Anschlag",
    "Linie5.PME.Riesling5.FE148_INFORMATION20011Heizungen Schlauchbeutel ausgeschaltet": "PLC Handler.FE148_INFORMATION20011Heizungen Schlauchbeutel ausgeschaltet",
    "Linie5.PME.Riesling5.FE148_INFORMATION20012Synchronisierung SBM mit Kette (bitte warten)": "PLC Handler.FE148_INFORMATION20012Synchronisierung SBM mit Kette (bitte warten)",
    "Linie5.PME.Riesling5.FE148_INFORMATION20013Klemmung Backenstuhlhub defekt": "PLC Handler.FE148_INFORMATION20013Klemmung Backenstuhlhub defekt"
}